seed,s,x,y
0,0.0,0.006286511054669665,0.01807975274547424
0,10.0,9.993377395788958,0.07908887392307318
0,20.0,20.031465584013436,0.15846295469320526
0,30.0,30.001026530513112,0.3397755724856732
0,40.0,39.95544241116742,0.8253356682900657
1,0.0,0.017279209603239302,0.022318728618200567
1,10.0,10.04106354612858,-0.012958790101447942
1,20.0,20.01596630530044,0.1401648117465608
1,30.0,29.93062366307524,0.3931909540853266
1,40.0,40.02749367315913,0.9033133666751446
2,0.0,0.009452669089676654,0.05720829360186144
2,10.0,9.973845216879484,-0.0023822701768249008
2,20.0,19.978791274321676,0.14979923587312624
2,30.0,29.873708155523467,0.3890228677659053
2,40.0,40.072211248961516,0.8609156000211657
